{
  "21st Ave E & E Aloha St": [
    -122.304787,
    47.626838
  ],
  "5301 Leary Ave NW, Seattle, WA 98107": [
    -122.382579,
    47.666472
  ],
  "Pierce Ln, Seattle, WA 98195": [
    -122.308295,
    47.656569
  ],
  "Earl ave NW and NW 70th St, Seattle, WA 98107": [
    -122.391899,
    47.679469
  ],
  "RoozenGaarde, 15867 Beaver Marsh Rd, Mount Vernon, WA": [
    -122.4001,
    48.415642
  ],
  "1299-1201 2nd Ave W, Seattle, WA 98119": [
    -122.359222,
    47.630523
  ],
  "Volunteer Park, Seattle, WA": [
    -122.317872,
    47.630374
  ],
  "650 South Main St, Seattle, WA 98104": [
    -122.324615,
    47.60032
  ],
  "1407 NW 70th St, Seattle, WA 98117": [
    -122.374527,
    47.679429
  ],
  "6709 Earl Ave NW, Seattle, WA 98117": [
    -122.392176,
    47.677985
  ],
  "1413 NW 70th St, Seattle, WA 98117": [
    -122.37473,
    47.679408
  ],
  "7001 24th Ave NW, Seattle, WA 98117": [
    -122.387821,
    47.679637
  ],
  "1702 NW 62nd St, Seattle, WA 98107": [
    -122.379135,
    47.674112
  ],
  "6405 32nd Ave NW, Seattle, WA 98107": [
    -122.398549,
    47.675028
  ]
}